{
  "gammas": [
    0.0,
    0.3,
    0.7,
    1.0,
    2.0,
    3.0,
    5.0
  ],
  "spill": [
    12.133333285649618,
    8.266666680574417,
    2.6666666070620217,
    0.7999999821186066,
    0.2666666607062022,
    0.0,
    2.6666665822267532
  ],
  "feasible": [
    100.0,
    100.0,
    93.33333333333333,
    100.0,
    86.66666666666667,
    86.66666666666667,
    73.33333333333333
  ]
}