{
  "corr": {
    "r": 0.11729332818190091,
    "r_xy": -0.04972682264038496,
    "r_z": 0.1346877453156518,
    "tilt_EE": -0.33708756103646836
  },
  "n": 40
}