{
  "grasps": [
    "mug_0_left_2finger_0",
    "mug_0_left_2finger_63",
    "mug_0_left_2finger_126",
    "mug_0_left_2finger_252",
    "mug_0_left_3finger_16",
    "mug_0_left_3finger_142",
    "mug_0_left_3finger_236",
    "mug_0_left_whole_0",
    "mug_0_left_whole_47",
    "mug_0_left_whole_110",
    "mug_0_left_whole_236",
    "mug_0_left_whole_299"
  ],
  "TS": [
    0.4,
    0.5,
    0.6,
    0.8,
    1.0
  ],
  "THETAS": [
    10,
    15,
    18,
    22,
    28,
    35
  ],
  "spill_vs_T_theta18": {
    "min-jerk": [
      100.0,
      97.66666666666669,
      92.5,
      85.66666666666669,
      74.83333333333334
    ],
    "chomp-smooth": [
      96.5,
      94.66666666666667,
      54.50000000000001,
      16.333333333333332,
      13.166666666666668
    ],
    "vanilla-grad": [
      66.5,
      68.33333333333333,
      66.5,
      72.33333333333333,
      72.66666666666667
    ],
    "ours": [
      9.333333333333334,
      10.166666666666668,
      6.0,
      4.666666666666667,
      1.6666666666666667
    ]
  },
  "spill_vs_theta_T0.5": {
    "min-jerk": [
      100.0,
      99.66666666666667,
      97.66666666666669,
      94.33333333333334,
      92.0,
      88.16666666666669
    ],
    "chomp-smooth": [
      97.66666666666666,
      96.16666666666666,
      94.66666666666667,
      73.0,
      51.33333333333333,
      18.000000000000004
    ],
    "vanilla-grad": [
      90.83333333333331,
      77.66666666666667,
      68.33333333333333,
      55.333333333333336,
      37.333333333333336,
      26.333333333333336
    ],
    "ours": [
      67.0,
      36.33333333333333,
      10.166666666666668,
      2.0,
      0.8333333333333334,
      0.5
    ]
  }
}