{
  "sigma_rot_deg": 5.0,
  "T_budget": 0.7,
  "nominal": {
    "mean": 0.11439999975264073,
    "p95": 0.2419999949634074,
    "max": 0.41999998688697815,
    "samples": [
      0.07999999821186066,
      0.10000000149011612,
      0.10000000149011612,
      0.05999999865889549,
      0.05999999865889549,
      0.05999999865889549,
      0.10000000149011612,
      0.05999999865889549,
      0.14000000059604645,
      0.05999999865889549,
      0.05999999865889549,
      0.05999999865889549,
      0.10000000149011612,
      0.10000000149011612,
      0.10000000149011612,
      0.10000000149011612,
      0.07999999821186066,
      0.20000000298023224,
      0.10000000149011612,
      0.07999999821186066,
      0.05999999865889549,
      0.05999999865889549,
      0.05999999865889549,
      0.20000000298023224,
      0.14000000059604645,
      0.10000000149011612,
      0.07999999821186066,
      0.05999999865889549,
      0.07999999821186066,
      0.05999999865889549,
      0.2199999988079071,
      0.18000000715255737,
      0.11999999731779099,
      0.20000000298023224,
      0.41999998688697815,
      0.07999999821186066,
      0.10000000149011612,
      0.23999999463558197,
      0.23999999463558197,
      0.14000000059604645,
      0.10000000149011612,
      0.05999999865889549,
      0.10000000149011612,
      0.07999999821186066,
      0.10000000149011612,
      0.23999999463558197,
      0.10000000149011612,
      0.10000000149011612,
      0.10000000149011612,
      0.05999999865889549,
      0.03999999910593033,
      0.1599999964237213,
      0.2199999988079071,
      0.05999999865889549,
      0.10000000149011612,
      0.11999999731779099,
      0.3400000035762787,
      0.10000000149011612,
      0.10000000149011612,
      0.07999999821186066,
      0.18000000715255737,
      0.30000001192092896,
      0.10000000149011612,
      0.11999999731779099,
      0.2800000011920929,
      0.10000000149011612,
      0.05999999865889549,
      0.05999999865889549,
      0.05999999865889549,
      0.07999999821186066,
      0.05999999865889549,
      0.07999999821186066,
      0.10000000149011612,
      0.05999999865889549,
      0.05999999865889549,
      0.05999999865889549,
      0.05999999865889549,
      0.05999999865889549,
      0.05999999865889549,
      0.1599999964237213,
      0.10000000149011612,
      0.05999999865889549,
      0.11999999731779099,
      0.14000000059604645,
      0.10000000149011612,
      0.10000000149011612,
      0.10000000149011612,
      0.10000000149011612,
      0.10000000149011612,
      0.07999999821186066,
      0.10000000149011612,
      0.11999999731779099,
      0.1599999964237213,
      0.3400000035762787,
      0.05999999865889549,
      0.2199999988079071,
      0.10000000149011612,
      0.05999999865889549,
      0.07999999821186066,
      0.10000000149011612
    ]
  },
  "robust": {
    "mean": 0.02539999980479479,
    "p95": 0.11999999731779099,
    "max": 0.3400000035762787,
    "samples": [
      0.03999999910593033,
      0.0,
      0.019999999552965164,
      0.0,
      0.0,
      0.0,
      0.0,
      0.0,
      0.019999999552965164,
      0.0,
      0.0,
      0.0,
      0.0,
      0.019999999552965164,
      0.03999999910593033,
      0.0,
      0.0,
      0.10000000149011612,
      0.019999999552965164,
      0.0,
      0.0,
      0.0,
      0.0,
      0.07999999821186066,
      0.0,
      0.0,
      0.0,
      0.0,
      0.0,
      0.0,
      0.03999999910593033,
      0.07999999821186066,
      0.019999999552965164,
      0.05999999865889549,
      0.2800000011920929,
      0.0,
      0.0,
      0.11999999731779099,
      0.03999999910593033,
      0.05999999865889549,
      0.019999999552965164,
      0.0,
      0.0,
      0.0,
      0.0,
      0.10000000149011612,
      0.0,
      0.0,
      0.03999999910593033,
      0.0,
      0.0,
      0.05999999865889549,
      0.03999999910593033,
      0.0,
      0.0,
      0.0,
      0.1599999964237213,
      0.0,
      0.0,
      0.019999999552965164,
      0.07999999821186066,
      0.3400000035762787,
      0.0,
      0.019999999552965164,
      0.11999999731779099,
      0.0,
      0.0,
      0.0,
      0.0,
      0.0,
      0.0,
      0.0,
      0.0,
      0.0,
      0.0,
      0.0,
      0.0,
      0.0,
      0.0,
      0.03999999910593033,
      0.03999999910593033,
      0.0,
      0.0,
      0.0,
      0.0,
      0.0,
      0.0,
      0.019999999552965164,
      0.0,
      0.0,
      0.019999999552965164,
      0.0,
      0.0,
      0.2800000011920929,
      0.0,
      0.10000000149011612,
      0.0,
      0.0,
      0.0,
      0.0
    ]
  }
}